task_id,model,condition,syntax_valid,run1_success,functional_correct,run1_changed,run2_success,run2_changed,run3_success,run3_changed,run4_success,run4_changed,run5_success,run5_changed,repeated_idempotent
P01,GPT,default,Yes,Yes,Yes,1,Yes,0,Yes,0,Yes,0,Yes,0,Yes
P02,GPT,default,Yes,Yes,Yes,1,Yes,0,Yes,0,Yes,0,Yes,0,Yes
P03,GPT,default,Yes,Yes,Yes,2,Yes,0,Yes,0,Yes,0,Yes,0,Yes
P04,GPT,default,Yes,Yes,Yes,1,Yes,0,Yes,0,Yes,0,Yes,0,Yes
P05,GPT,default,Yes,Yes,Yes,0,Yes,0,Yes,0,Yes,0,Yes,0,Yes
P06,GPT,default,Yes,Yes,Yes,1,Yes,0,Yes,0,Yes,0,Yes,0,Yes
P07,GPT,default,Yes,Yes,Yes,1,Yes,0,Yes,0,Yes,0,Yes,0,Yes
P08,GPT,default,Yes,Yes,Yes,1,Yes,0,Yes,0,Yes,0,Yes,0,Yes
P09,GPT,default,Yes,Yes,Yes,1,Yes,0,Yes,0,Yes,0,Yes,0,Yes
P10,GPT,default,Yes,Yes,Yes,1,Yes,0,Yes,0,Yes,0,Yes,0,Yes
P11,GPT,default,Yes,Yes,Yes,1,Yes,0,Yes,0,Yes,0,Yes,0,Yes
P12,GPT,default,Yes,Yes,Yes,1,Yes,0,Yes,0,Yes,0,Yes,0,Yes
P13,GPT,default,Yes,Yes,Yes,1,Yes,0,Yes,0,Yes,0,Yes,0,Yes
P14,GPT,default,Yes,Yes,Yes,1,Yes,0,Yes,0,Yes,0,Yes,0,Yes
P15,GPT,default,Yes,Yes,Yes,1,Yes,0,Yes,0,Yes,0,Yes,0,Yes
P16,GPT,default,Yes,Yes,Yes,1,Yes,0,Yes,0,Yes,0,Yes,0,Yes
P17,GPT,default,Yes,Yes,Yes,0,Yes,0,Yes,0,Yes,0,Yes,0,Yes
P18,GPT,default,Yes,Yes,Yes,1,Yes,0,Yes,0,Yes,0,Yes,0,Yes
P19,GPT,default,Yes,Yes,Yes,2,Yes,0,Yes,0,Yes,0,Yes,0,Yes
P20,GPT,default,Yes,Yes,Yes,2,Yes,0,Yes,0,Yes,0,Yes,0,Yes
P21,GPT,default,Yes,Yes,Yes,1,Yes,0,Yes,0,Yes,0,Yes,0,Yes
P22,GPT,default,Yes,Yes,Yes,1,Yes,0,Yes,0,Yes,0,Yes,0,Yes
P23,GPT,default,Yes,Yes,Yes,1,Yes,0,Yes,0,Yes,0,Yes,0,Yes
P24,GPT,default,Yes,Yes,Yes,1,Yes,0,Yes,0,Yes,0,Yes,0,Yes
P25,GPT,default,Yes,Yes,Yes,0,Yes,0,Yes,0,Yes,0,Yes,0,Yes
P26,GPT,default,Yes,Yes,Yes,1,Yes,0,Yes,0,Yes,0,Yes,0,Yes
P27,GPT,default,Yes,Yes,Yes,1,Yes,0,Yes,0,Yes,0,Yes,0,Yes
P28,GPT,default,Yes,Yes,Yes,1,Yes,0,Yes,0,Yes,0,Yes,0,Yes
P29,GPT,default,Yes,Yes,Yes,1,Yes,0,Yes,0,Yes,0,Yes,0,Yes
P30,GPT,default,Yes,Yes,Yes,1,Yes,0,Yes,0,Yes,0,Yes,0,Yes
